{
  "samples": 143,
  "accuracy": 0.9020979020979021,
  "macro_f1": 0.8782205448872116,
  "classification_report": {
    "Negative": {
      "precision": 0.8461538461538461,
      "recall": 0.7857142857142857,
      "f1-score": 0.8148148148148148,
      "support": 28.0
    },
    "Neutral": {
      "precision": 0.8292682926829268,
      "recall": 0.918918918918919,
      "f1-score": 0.8717948717948718,
      "support": 37.0
    },
    "Positive": {
      "precision": 0.9605263157894737,
      "recall": 0.9358974358974359,
      "f1-score": 0.948051948051948,
      "support": 78.0
    },
    "accuracy": 0.9020979020979021,
    "macro avg": {
      "precision": 0.8786494848754156,
      "recall": 0.8801768801768802,
      "f1-score": 0.8782205448872116,
      "support": 143.0
    },
    "weighted avg": {
      "precision": 0.9041698402318527,
      "recall": 0.9020979020979021,
      "f1-score": 0.9022327064285106,
      "support": 143.0
    }
  }
}